{"stats":{"minecraft:picked_up":{"minecraft:porkchop":2,"minecraft:sugar_cane":16,"minecraft:dirt":18,"minecraft:birch_log":6},"minecraft:custom":{"minecraft:jump":93,"minecraft:time_since_rest":2899,"minecraft:leave_game":1,"minecraft:damage_dealt":109,"minecraft:crouch_one_cm":18,"minecraft:sprint_one_cm":8813,"minecraft:play_time":2899,"minecraft:damage_taken":120,"minecraft:time_since_death":2899,"minecraft:walk_one_cm":5442,"minecraft:sneak_time":11,"minecraft:total_world_time":2899,"minecraft:mob_kills":1,"minecraft:fall_one_cm":2210,"minecraft:fly_one_cm":25072},"minecraft:killed":{"minecraft:pig":1},"minecraft:mined":{"minecraft:birch_log":3,"minecraft:grass":2,"minecraft:oak_log":2,"minecraft:sugar_cane":7}},"DataVersion":3465}