{"stats":{"minecraft:picked_up":{"minecraft:rose_bush":1,"minecraft:porkchop":3},"minecraft:custom":{"minecraft:jump":77,"minecraft:time_since_rest":12380,"minecraft:walk_on_water_one_cm":2001,"minecraft:damage_dealt":148,"minecraft:crouch_one_cm":78,"minecraft:sprint_one_cm":6354,"minecraft:leave_game":1,"minecraft:play_time":12380,"minecraft:damage_taken":243,"minecraft:time_since_death":12380,"minecraft:walk_one_cm":39241,"minecraft:sneak_time":107,"minecraft:total_world_time":12380,"minecraft:walk_under_water_one_cm":1905,"minecraft:mob_kills":1,"minecraft:swim_one_cm":5911,"minecraft:fall_one_cm":1807,"minecraft:fly_one_cm":3975},"minecraft:killed":{"minecraft:pig":1},"minecraft:mined":{"minecraft:grass":3,"minecraft:rose_bush":2},"minecraft:used":{"minecraft:porkchop":2}},"DataVersion":3465}