{"stats":{"minecraft:picked_up":{"minecraft:stick":1,"minecraft:cooked_porkchop":1,"minecraft:leather":1,"minecraft:dandelion":2,"minecraft:porkchop":3,"minecraft:oak_log":16,"minecraft:dirt":2,"minecraft:wooden_sword":2,"minecraft:wheat_seeds":1,"minecraft:beef":1,"minecraft:rose_bush":1,"minecraft:poppy":3,"minecraft:oak_sapling":1,"minecraft:mutton":4,"minecraft:white_wool":3},"minecraft:custom":{"minecraft:time_since_rest":146,"minecraft:interact_with_furnace":2,"minecraft:sprint_one_cm":21116,"minecraft:damage_taken":293,"minecraft:walk_one_cm":90254,"minecraft:mob_kills":5,"minecraft:drop":2,"minecraft:damage_dealt":432,"minecraft:interact_with_crafting_table":2,"minecraft:swim_one_cm":6169,"minecraft:fly_one_cm":9770,"minecraft:crouch_one_cm":682,"minecraft:play_time":24380,"minecraft:sneak_time":420,"minecraft:walk_under_water_one_cm":2141,"minecraft:jump":222,"minecraft:leave_game":1,"minecraft:walk_on_water_one_cm":2683,"minecraft:time_since_death":24380,"minecraft:total_world_time":24380,"minecraft:fall_one_cm":2560},"minecraft:killed":{"minecraft:sheep":3,"minecraft:pig":1,"minecraft:cow":1},"minecraft:dropped":{"minecraft:wooden_sword":2},"minecraft:crafted":{"minecraft:wooden_sword":1,"minecraft:oak_planks":40,"minecraft:stick":4,"minecraft:wooden_pickaxe":1,"minecraft:wooden_axe":1},"minecraft:mined":{"minecraft:dandelion":2,"minecraft:bee_nest":1,"minecraft:grass":6,"minecraft:grass_block":2,"minecraft:oak_log":16,"minecraft:poppy":3,"minecraft:rose_bush":2,"minecraft:oak_leaves":13},"minecraft:used":{"minecraft:oak_log":1,"minecraft:wooden_axe":8,"minecraft:oak_planks":1,"minecraft:wooden_sword":19,"minecraft:porkchop":3,"minecraft:cooked_porkchop":1}},"DataVersion":3465}