{"stats":{"minecraft:picked_up":{"minecraft:crafting_table":1,"minecraft:sand":3,"minecraft:oak_log":6,"minecraft:string":2,"minecraft:dirt":92,"minecraft:wheat_seeds":8,"minecraft:rose_bush":2,"minecraft:oak_sapling":2},"minecraft:custom":{"minecraft:time_since_rest":4516,"minecraft:sprint_one_cm":77094,"minecraft:damage_taken":2028,"minecraft:walk_one_cm":143226,"minecraft:mob_kills":5,"minecraft:drop":7,"minecraft:damage_dealt":867,"minecraft:swim_one_cm":1128,"minecraft:interact_with_crafting_table":1,"minecraft:fly_one_cm":87994,"minecraft:crouch_one_cm":949,"minecraft:play_time":342968,"minecraft:deaths":8,"minecraft:sneak_time":1925,"minecraft:walk_under_water_one_cm":284,"minecraft:jump":678,"minecraft:leave_game":16,"minecraft:walk_on_water_one_cm":5122,"minecraft:time_since_death":4396,"minecraft:total_world_time":342968,"minecraft:fall_one_cm":19548},"minecraft:killed":{"minecraft:zombie":3,"minecraft:zombie_villager":1,"minecraft:spider":1},"minecraft:dropped":{"minecraft:wheat_seeds":7},"minecraft:killed_by":{"minecraft:player":1,"minecraft:skeleton":2,"minecraft:creeper":1,"minecraft:spider":1,"minecraft:zombie":2,"minecraft:enderman":1},"minecraft:crafted":{"minecraft:oak_planks":20,"minecraft:crafting_table":1,"minecraft:stick":4,"minecraft:wooden_pickaxe":1},"minecraft:mined":{"minecraft:crafting_table":1,"minecraft:grass":60,"minecraft:grass_block":45,"minecraft:oak_log":6,"minecraft:rose_bush":2,"minecraft:dirt":46,"minecraft:sand":3,"minecraft:tall_grass":3,"minecraft:oak_leaves":10},"minecraft:used":{"minecraft:rose_bush":2,"minecraft:dirt":83,"minecraft:sand":2,"minecraft:crafting_table":1}},"DataVersion":3465}