{"stats":{"minecraft:picked_up":{"minecraft:crafting_table":3,"minecraft:sandstone":4,"minecraft:cooked_porkchop":3,"minecraft:leather":2,"minecraft:porkchop":5,"minecraft:sand":5,"minecraft:oak_log":15,"minecraft:dirt":7,"minecraft:bone":2,"minecraft:wheat_seeds":1,"minecraft:beef":10,"minecraft:black_wool":1,"minecraft:mutton":6,"minecraft:white_wool":6,"minecraft:cobblestone":36,"minecraft:furnace":2},"minecraft:custom":{"minecraft:time_since_rest":29892,"minecraft:interact_with_furnace":7,"minecraft:sprint_one_cm":64936,"minecraft:damage_taken":475,"minecraft:walk_one_cm":29999,"minecraft:mob_kills":16,"minecraft:drop":18,"minecraft:damage_dealt":1658,"minecraft:swim_one_cm":12835,"minecraft:interact_with_crafting_table":6,"minecraft:fly_one_cm":160156,"minecraft:play_time":29892,"minecraft:walk_under_water_one_cm":1880,"minecraft:jump":641,"minecraft:leave_game":2,"minecraft:walk_on_water_one_cm":1987,"minecraft:time_since_death":29892,"minecraft:total_world_time":29892,"minecraft:fall_one_cm":16936},"minecraft:killed":{"minecraft:sheep":7,"minecraft:skeleton":2,"minecraft:pig":3,"minecraft:cow":4},"minecraft:dropped":{"minecraft:furnace":1,"minecraft:dirt":2,"minecraft:stone_axe":1,"minecraft:wheat_seeds":1,"minecraft:cooked_beef":7,"minecraft:stone_sword":1,"minecraft:oak_log":3,"minecraft:mutton":1,"minecraft:crafting_table":1,"minecraft:cooked_porkchop":6,"minecraft:cobblestone":20,"minecraft:leather":2,"minecraft:stone_pickaxe":1,"minecraft:wooden_pickaxe":1,"minecraft:white_wool":6,"minecraft:black_wool":1,"minecraft:bone":2},"minecraft:crafted":{"minecraft:cooked_beef":9,"minecraft:oak_planks":16,"minecraft:cooked_porkchop":5,"minecraft:crafting_table":1,"minecraft:stick":8,"minecraft:wooden_pickaxe":1,"minecraft:stone_pickaxe":1,"minecraft:stone_sword":1,"minecraft:furnace":1,"minecraft:stone_axe":1},"minecraft:mined":{"minecraft:furnace":2,"minecraft:crafting_table":3,"minecraft:grass":6,"minecraft:grass_block":8,"minecraft:oak_log":12,"minecraft:dirt":2,"minecraft:sand":5,"minecraft:stone":36,"minecraft:sandstone":4,"minecraft:oak_leaves":2},"minecraft:used":{"minecraft:oak_log":1,"minecraft:stone_sword":4,"minecraft:stone_pickaxe":1,"minecraft:wooden_pickaxe":41,"minecraft:sandstone":4,"minecraft:stone_axe":40,"minecraft:sand":5,"minecraft:dirt":5,"minecraft:mutton":5,"minecraft:beef":1,"minecraft:crafting_table":3,"minecraft:furnace":2,"minecraft:cooked_porkchop":2,"minecraft:cooked_beef":2}},"DataVersion":3465}