{"stats":{"minecraft:dropped":{"minecraft:furnace":1,"minecraft:wheat_seeds":7,"minecraft:cooked_porkchop":2,"minecraft:oak_planks":45,"minecraft:rose_bush":2},"minecraft:killed_by":{"minecraft:player":1,"minecraft:skeleton":2,"minecraft:creeper":1,"minecraft:spider":1,"minecraft:zombie":2,"minecraft:enderman":1},"minecraft:mined":{"minecraft:white_bed":1,"minecraft:cherry_planks":18,"minecraft:lily_of_the_valley":1,"minecraft:cherry_log":34,"minecraft:dandelion":1,"minecraft:crafting_table":3,"minecraft:grass_block":103,"minecraft:poppy":2,"minecraft:rose_bush":4,"minecraft:tall_grass":7,"minecraft:oak_planks":2,"minecraft:oxeye_daisy":1,"minecraft:pink_petals":38,"minecraft:hay_block":1,"minecraft:birch_planks":3,"minecraft:furnace":1,"minecraft:birch_log":37,"minecraft:birch_leaves":3,"minecraft:cherry_door":3,"minecraft:grass":79,"minecraft:oak_log":41,"minecraft:cherry_leaves":1,"minecraft:sand":3,"minecraft:dirt":56,"minecraft:stone":27,"minecraft:oak_leaves":16},"minecraft:killed":{"minecraft:pig":3,"minecraft:zombie_villager":1,"minecraft:spider":2,"minecraft:iron_golem":1,"minecraft:sheep":4,"minecraft:zombie":3,"minecraft:chicken":2,"minecraft:cow":1},"minecraft:custom":{"minecraft:interact_with_furnace":8,"minecraft:mob_kills":17,"minecraft:interact_with_crafting_table":14,"minecraft:leave_game":20,"minecraft:time_since_death":62291,"minecraft:sleep_in_bed":2,"minecraft:time_since_rest":18927,"minecraft:sprint_one_cm":143152,"minecraft:damage_taken":2603,"minecraft:walk_one_cm":368177,"minecraft:drop":57,"minecraft:damage_dealt":3943,"minecraft:swim_one_cm":1128,"minecraft:fly_one_cm":134850,"minecraft:open_chest":7,"minecraft:crouch_one_cm":2874,"minecraft:play_time":400863,"minecraft:deaths":8,"minecraft:sneak_time":3298,"minecraft:walk_under_water_one_cm":1154,"minecraft:jump":1140,"minecraft:walk_on_water_one_cm":5589,"minecraft:total_world_time":400863,"minecraft:fall_one_cm":27500},"minecraft:used":{"minecraft:cooked_mutton":2,"minecraft:stone_sword":137,"minecraft:rose_bush":2,"minecraft:birch_planks":62,"minecraft:oak_planks":9,"minecraft:chest":1,"minecraft:wooden_pickaxe":29,"minecraft:cherry_planks":124,"minecraft:dirt":89,"minecraft:sand":2,"minecraft:crafting_table":4,"minecraft:white_bed":2,"minecraft:wooden_axe":58,"minecraft:cherry_door":6,"minecraft:stone_axe":112,"minecraft:cobblestone":6,"minecraft:furnace":2,"minecraft:cooked_porkchop":5},"minecraft:picked_up":{"minecraft:birch_log":37,"minecraft:pink_petals":103,"minecraft:crafting_table":3,"minecraft:feather":1,"minecraft:chicken":2,"minecraft:cherry_planks":18,"minecraft:birch_planks":3,"minecraft:oak_log":42,"minecraft:cherry_door":3,"minecraft:dirt":151,"minecraft:string":4,"minecraft:cooked_mutton":2,"minecraft:wheat_seeds":13,"minecraft:beef":3,"minecraft:iron_ingot":7,"minecraft:rose_bush":4,"minecraft:poppy":2,"minecraft:oak_planks":3,"minecraft:furnace":1,"minecraft:porkchop":7,"minecraft:sand":3,"minecraft:cherry_log":30,"minecraft:white_bed":1,"minecraft:spider_eye":1,"minecraft:oak_sapling":2,"minecraft:mutton":5,"minecraft:white_wool":4,"minecraft:cobblestone":27},"minecraft:crafted":{"minecraft:cherry_planks":120,"minecraft:oak_planks":124,"minecraft:cooked_porkchop":7,"minecraft:crafting_table":2,"minecraft:wooden_pickaxe":2,"minecraft:furnace":2,"minecraft:birch_planks":148,"minecraft:stone_axe":1,"minecraft:stick":12,"minecraft:wooden_axe":1,"minecraft:stone_sword":1,"minecraft:chest":1,"minecraft:cherry_door":3,"minecraft:white_bed":1},"minecraft:broken":{"minecraft:stone_sword":1,"minecraft:stone_axe":1,"minecraft:wooden_axe":1}},"DataVersion":3465}