{"stats":{"minecraft:picked_up":{"minecraft:crafting_table":2,"minecraft:feather":1,"minecraft:chicken":2,"minecraft:porkchop":7,"minecraft:sand":3,"minecraft:oak_log":22,"minecraft:string":2,"minecraft:dirt":100,"minecraft:wheat_seeds":9,"minecraft:beef":3,"minecraft:rose_bush":4,"minecraft:oak_sapling":2,"minecraft:mutton":3,"minecraft:oak_planks":2,"minecraft:white_wool":2,"minecraft:cobblestone":20,"minecraft:furnace":1},"minecraft:custom":{"minecraft:time_since_rest":16516,"minecraft:interact_with_furnace":7,"minecraft:sprint_one_cm":87483,"minecraft:damage_taken":2028,"minecraft:walk_one_cm":187893,"minecraft:mob_kills":13,"minecraft:drop":8,"minecraft:damage_dealt":1590,"minecraft:swim_one_cm":1128,"minecraft:interact_with_crafting_table":4,"minecraft:fly_one_cm":94374,"minecraft:crouch_one_cm":1663,"minecraft:play_time":354968,"minecraft:deaths":8,"minecraft:sneak_time":2097,"minecraft:walk_under_water_one_cm":1154,"minecraft:jump":850,"minecraft:leave_game":16,"minecraft:walk_on_water_one_cm":5589,"minecraft:time_since_death":16396,"minecraft:total_world_time":354968,"minecraft:fall_one_cm":20233},"minecraft:killed":{"minecraft:sheep":2,"minecraft:zombie":3,"minecraft:pig":3,"minecraft:chicken":2,"minecraft:zombie_villager":1,"minecraft:spider":1,"minecraft:cow":1},"minecraft:dropped":{"minecraft:wheat_seeds":7,"minecraft:cooked_porkchop":1},"minecraft:killed_by":{"minecraft:player":1,"minecraft:skeleton":2,"minecraft:creeper":1,"minecraft:spider":1,"minecraft:zombie":2,"minecraft:enderman":1},"minecraft:crafted":{"minecraft:oak_planks":44,"minecraft:cooked_porkchop":7,"minecraft:crafting_table":2,"minecraft:stick":12,"minecraft:wooden_pickaxe":2,"minecraft:wooden_axe":1,"minecraft:stone_sword":1,"minecraft:furnace":1,"minecraft:stone_axe":1},"minecraft:mined":{"minecraft:furnace":1,"minecraft:crafting_table":2,"minecraft:grass":65,"minecraft:grass_block":46,"minecraft:oak_log":20,"minecraft:rose_bush":4,"minecraft:dirt":53,"minecraft:sand":3,"minecraft:tall_grass":3,"minecraft:stone":20,"minecraft:oak_planks":2,"minecraft:oak_leaves":12},"minecraft:used":{"minecraft:rose_bush":2,"minecraft:stone_sword":31,"minecraft:oak_planks":1,"minecraft:wooden_pickaxe":22,"minecraft:stone_axe":11,"minecraft:dirt":89,"minecraft:sand":2,"minecraft:crafting_table":2,"minecraft:furnace":1,"minecraft:cooked_porkchop":2}},"DataVersion":3465}