{"stats":{"minecraft:killed":{"minecraft:zombie":1,"minecraft:zombie_villager":1},"minecraft:picked_up":{"minecraft:wheat_seeds":5,"minecraft:dirt":32},"minecraft:used":{"minecraft:dirt":32},"minecraft:mined":{"minecraft:grass":50,"minecraft:grass_block":17,"minecraft:dirt":15,"minecraft:tall_grass":3},"minecraft:custom":{"minecraft:time_since_rest":15163,"minecraft:play_time":30490,"minecraft:sprint_one_cm":15675,"minecraft:walk_one_cm":38317,"minecraft:damage_taken":235,"minecraft:deaths":1,"minecraft:sneak_time":338,"minecraft:mob_kills":2,"minecraft:drop":5,"minecraft:jump":172,"minecraft:damage_dealt":374,"minecraft:leave_game":1,"minecraft:time_since_death":15102,"minecraft:walk_on_water_one_cm":564,"minecraft:total_world_time":30490,"minecraft:fall_one_cm":3845,"minecraft:fly_one_cm":20442},"minecraft:dropped":{"minecraft:wheat_seeds":5},"minecraft:killed_by":{"minecraft:spider":1}},"DataVersion":3465}