{"stats":{"minecraft:picked_up":{"minecraft:pink_petals":76,"minecraft:crafting_table":3,"minecraft:feather":1,"minecraft:cherry_planks":1,"minecraft:chicken":2,"minecraft:oak_log":22,"minecraft:dirt":104,"minecraft:string":2,"minecraft:cooked_mutton":2,"minecraft:wheat_seeds":13,"minecraft:iron_ingot":4,"minecraft:beef":3,"minecraft:rose_bush":4,"minecraft:poppy":2,"minecraft:oak_planks":2,"minecraft:furnace":1,"minecraft:porkchop":7,"minecraft:sand":3,"minecraft:cherry_log":28,"minecraft:white_bed":1,"minecraft:oak_sapling":2,"minecraft:mutton":5,"minecraft:white_wool":4,"minecraft:cobblestone":20},"minecraft:custom":{"minecraft:interact_with_furnace":7,"minecraft:mob_kills":16,"minecraft:interact_with_crafting_table":8,"minecraft:leave_game":16,"minecraft:time_since_death":34396,"minecraft:sleep_in_bed":2,"minecraft:time_since_rest":4306,"minecraft:sprint_one_cm":130436,"minecraft:damage_taken":2493,"minecraft:walk_one_cm":251242,"minecraft:drop":12,"minecraft:damage_dealt":3703,"minecraft:swim_one_cm":1128,"minecraft:fly_one_cm":123114,"minecraft:open_chest":1,"minecraft:crouch_one_cm":2874,"minecraft:play_time":372968,"minecraft:deaths":8,"minecraft:sneak_time":3162,"minecraft:walk_under_water_one_cm":1154,"minecraft:jump":1030,"minecraft:walk_on_water_one_cm":5589,"minecraft:total_world_time":372968,"minecraft:fall_one_cm":26395},"minecraft:killed":{"minecraft:pig":3,"minecraft:zombie_villager":1,"minecraft:spider":1,"minecraft:iron_golem":1,"minecraft:sheep":4,"minecraft:zombie":3,"minecraft:chicken":2,"minecraft:cow":1},"minecraft:dropped":{"minecraft:furnace":1,"minecraft:wheat_seeds":7,"minecraft:cooked_porkchop":2,"minecraft:rose_bush":2},"minecraft:killed_by":{"minecraft:player":1,"minecraft:skeleton":2,"minecraft:creeper":1,"minecraft:spider":1,"minecraft:zombie":2,"minecraft:enderman":1},"minecraft:broken":{"minecraft:stone_sword":1},"minecraft:crafted":{"minecraft:cherry_planks":112,"minecraft:oak_planks":44,"minecraft:cooked_porkchop":7,"minecraft:crafting_table":2,"minecraft:wooden_pickaxe":2,"minecraft:furnace":1,"minecraft:stone_axe":1,"minecraft:stick":12,"minecraft:wooden_axe":1,"minecraft:stone_sword":1,"minecraft:white_bed":1},"minecraft:mined":{"minecraft:white_bed":1,"minecraft:cherry_planks":1,"minecraft:cherry_log":32,"minecraft:dandelion":1,"minecraft:crafting_table":3,"minecraft:grass_block":50,"minecraft:poppy":2,"minecraft:rose_bush":4,"minecraft:tall_grass":7,"minecraft:oak_planks":2,"minecraft:oxeye_daisy":1,"minecraft:pink_petals":33,"minecraft:hay_block":1,"minecraft:furnace":1,"minecraft:grass":78,"minecraft:oak_log":20,"minecraft:cherry_leaves":1,"minecraft:sand":3,"minecraft:dirt":53,"minecraft:stone":20,"minecraft:oak_leaves":13},"minecraft:used":{"minecraft:cooked_mutton":2,"minecraft:rose_bush":2,"minecraft:stone_sword":137,"minecraft:oak_planks":6,"minecraft:wooden_pickaxe":22,"minecraft:cherry_planks":47,"minecraft:dirt":89,"minecraft:sand":2,"minecraft:crafting_table":3,"minecraft:white_bed":2,"minecraft:stone_axe":77,"minecraft:cobblestone":6,"minecraft:furnace":1,"minecraft:cooked_porkchop":5}},"DataVersion":3465}