{"stats":{"minecraft:picked_up":{"minecraft:crafting_table":1,"minecraft:wheat_seeds":6,"minecraft:sand":3,"minecraft:oak_log":5,"minecraft:oak_sapling":1,"minecraft:dirt":52},"minecraft:custom":{"minecraft:time_since_rest":46335,"minecraft:damage_taken":1130,"minecraft:crouch_one_cm":218,"minecraft:sprint_one_cm":25294,"minecraft:play_time":270324,"minecraft:walk_one_cm":69113,"minecraft:deaths":4,"minecraft:sneak_time":376,"minecraft:mob_kills":2,"minecraft:drop":5,"minecraft:jump":273,"minecraft:damage_dealt":438,"minecraft:leave_game":12,"minecraft:walk_on_water_one_cm":564,"minecraft:time_since_death":46287,"minecraft:total_world_time":270324,"minecraft:interact_with_crafting_table":1,"minecraft:fall_one_cm":6779,"minecraft:fly_one_cm":29300},"minecraft:killed":{"minecraft:zombie":1,"minecraft:zombie_villager":1},"minecraft:dropped":{"minecraft:wheat_seeds":5},"minecraft:killed_by":{"minecraft:creeper":1,"minecraft:spider":1,"minecraft:zombie":1,"minecraft:enderman":1},"minecraft:crafted":{"minecraft:oak_planks":20,"minecraft:crafting_table":1,"minecraft:stick":4,"minecraft:wooden_pickaxe":1},"minecraft:mined":{"minecraft:grass":55,"minecraft:grass_block":28,"minecraft:oak_log":5,"minecraft:sand":3,"minecraft:dirt":24,"minecraft:tall_grass":3,"minecraft:oak_leaves":6,"minecraft:crafting_table":1},"minecraft:used":{"minecraft:dirt":44,"minecraft:sand":2,"minecraft:crafting_table":1}},"DataVersion":3465}