{"stats":{"minecraft:dropped":{"minecraft:wheat_seeds":5},"minecraft:killed_by":{"minecraft:spider":1,"minecraft:zombie":1},"minecraft:mined":{"minecraft:grass":51,"minecraft:grass_block":19,"minecraft:dirt":16,"minecraft:tall_grass":3},"minecraft:killed":{"minecraft:zombie":1,"minecraft:zombie_villager":1},"minecraft:custom":{"minecraft:time_since_rest":64098,"minecraft:play_time":194886,"minecraft:sprint_one_cm":17960,"minecraft:deaths":2,"minecraft:damage_taken":475,"minecraft:walk_one_cm":47818,"minecraft:sneak_time":338,"minecraft:mob_kills":2,"minecraft:drop":5,"minecraft:jump":196,"minecraft:damage_dealt":374,"minecraft:leave_game":5,"minecraft:walk_on_water_one_cm":564,"minecraft:time_since_death":6986,"minecraft:total_world_time":194886,"minecraft:fall_one_cm":4512,"minecraft:fly_one_cm":21710},"minecraft:picked_up":{"minecraft:wheat_seeds":5,"minecraft:dirt":35},"minecraft:used":{"minecraft:dirt":35}},"DataVersion":3465}