{"stats":{"minecraft:picked_up":{"minecraft:wooden_axe":8,"minecraft:pink_petals":486,"minecraft:crafting_table":1,"minecraft:cherry_planks":2,"minecraft:leather":1,"minecraft:wooden_pickaxe":8,"minecraft:oak_log":42,"minecraft:shield":8,"minecraft:cherry_door":1,"minecraft:string":1,"minecraft:dirt":745,"minecraft:white_banner":2,"minecraft:wooden_sword":10,"minecraft:wheat_seeds":33,"minecraft:beef":1,"minecraft:iron_ingot":5,"minecraft:rose_bush":9,"minecraft:poppy":5,"minecraft:oak_planks":53,"minecraft:furnace":1,"minecraft:stick":156,"minecraft:cooked_porkchop":2,"minecraft:oak_fence":2,"minecraft:dandelion":3,"minecraft:porkchop":3,"minecraft:cherry_log":16,"minecraft:white_bed":12,"minecraft:spider_eye":1,"minecraft:iron_helmet":8,"minecraft:hay_block":1,"minecraft:cherry_sapling":9,"minecraft:saddle":1,"minecraft:oak_sapling":1,"minecraft:mutton":8,"minecraft:white_wool":21,"minecraft:oxeye_daisy":1},"minecraft:custom":{"minecraft:interact_with_furnace":8,"minecraft:mob_kills":11,"minecraft:interact_with_crafting_table":28,"minecraft:raid_trigger":1,"minecraft:bell_ring":19,"minecraft:leave_game":2,"minecraft:time_since_death":9407,"minecraft:sleep_in_bed":4,"minecraft:time_since_rest":8849,"minecraft:sprint_one_cm":210791,"minecraft:damage_taken":3375,"minecraft:walk_one_cm":451348,"minecraft:drop":12,"minecraft:damage_dealt":1972,"minecraft:swim_one_cm":6169,"minecraft:fly_one_cm":75933,"minecraft:open_chest":17,"minecraft:crouch_one_cm":6760,"minecraft:play_time":94586,"minecraft:deaths":10,"minecraft:sneak_time":2254,"minecraft:walk_under_water_one_cm":2141,"minecraft:jump":652,"minecraft:walk_on_water_one_cm":2683,"minecraft:total_world_time":94586,"minecraft:fall_one_cm":10653},"minecraft:killed":{"minecraft:pig":1,"minecraft:spider":1,"minecraft:iron_golem":1,"minecraft:ravager":1,"minecraft:sheep":5,"minecraft:pillager":1,"minecraft:cow":1},"minecraft:dropped":{"minecraft:iron_ingot":3,"minecraft:iron_helmet":1,"minecraft:cooked_mutton":2,"minecraft:stick":2,"minecraft:poppy":2,"minecraft:wooden_sword":2},"minecraft:killed_by":{"minecraft:vindicator":1,"minecraft:ravager":8},"minecraft:broken":{"minecraft:wooden_sword":1,"minecraft:wooden_axe":1},"minecraft:crafted":{"minecraft:cooked_beef":1,"minecraft:cherry_planks":64,"minecraft:wooden_sword":1,"minecraft:oak_planks":144,"minecraft:crafting_table":1,"minecraft:cooked_chicken":2,"minecraft:wooden_pickaxe":1,"minecraft:cooked_mutton":4,"minecraft:shield":2,"minecraft:stick":32,"minecraft:wooden_axe":1,"minecraft:chest":2,"minecraft:white_bed":1,"minecraft:oak_fence":42,"minecraft:wheat":9},"minecraft:mined":{"minecraft:white_bed":4,"minecraft:cherry_planks":2,"minecraft:cherry_log":16,"minecraft:dandelion":2,"minecraft:oak_fence":2,"minecraft:crafting_table":1,"minecraft:grass_block":202,"minecraft:poppy":3,"minecraft:rose_bush":2,"minecraft:tall_grass":14,"minecraft:oak_planks":1,"minecraft:pink_petals":144,"minecraft:hay_block":1,"minecraft:bee_nest":1,"minecraft:grass":57,"minecraft:oak_log":34,"minecraft:cherry_leaves":5,"minecraft:dirt":16,"minecraft:white_banner":1,"minecraft:oak_leaves":13},"minecraft:used":{"minecraft:oak_fence":38,"minecraft:cooked_mutton":2,"minecraft:oak_planks":49,"minecraft:chest":2,"minecraft:cherry_planks":2,"minecraft:cooked_chicken":2,"minecraft:dirt":103,"minecraft:crafting_table":2,"minecraft:white_bed":5,"minecraft:oak_log":1,"minecraft:wooden_axe":39,"minecraft:cherry_door":1,"minecraft:pink_petals":1,"minecraft:wooden_sword":67,"minecraft:porkchop":3,"minecraft:furnace":1,"minecraft:white_banner":1,"minecraft:cooked_porkchop":2,"minecraft:cooked_beef":1}},"DataVersion":3465}