{"stats":{"minecraft:picked_up":{"minecraft:crafting_table":1,"minecraft:wheat_seeds":6,"minecraft:sand":3,"minecraft:oak_log":6,"minecraft:oak_sapling":2,"minecraft:dirt":54},"minecraft:custom":{"minecraft:time_since_rest":7252,"minecraft:damage_taken":1465,"minecraft:crouch_one_cm":790,"minecraft:sprint_one_cm":30139,"minecraft:play_time":283775,"minecraft:walk_one_cm":76620,"minecraft:deaths":6,"minecraft:sneak_time":1712,"minecraft:mob_kills":2,"minecraft:drop":5,"minecraft:jump":345,"minecraft:damage_dealt":438,"minecraft:leave_game":13,"minecraft:walk_on_water_one_cm":564,"minecraft:time_since_death":5736,"minecraft:total_world_time":283775,"minecraft:interact_with_crafting_table":1,"minecraft:fall_one_cm":8987,"minecraft:fly_one_cm":46442},"minecraft:killed":{"minecraft:zombie":1,"minecraft:zombie_villager":1},"minecraft:dropped":{"minecraft:wheat_seeds":5},"minecraft:killed_by":{"minecraft:skeleton":1,"minecraft:creeper":1,"minecraft:spider":1,"minecraft:zombie":2,"minecraft:enderman":1},"minecraft:crafted":{"minecraft:oak_planks":20,"minecraft:crafting_table":1,"minecraft:stick":4,"minecraft:wooden_pickaxe":1},"minecraft:mined":{"minecraft:grass":55,"minecraft:grass_block":29,"minecraft:oak_log":6,"minecraft:sand":3,"minecraft:dirt":25,"minecraft:tall_grass":3,"minecraft:oak_leaves":9,"minecraft:crafting_table":1},"minecraft:used":{"minecraft:dirt":46,"minecraft:sand":2,"minecraft:crafting_table":1}},"DataVersion":3465}