{"stats":{"minecraft:picked_up":{"minecraft:crafting_table":2,"minecraft:sandstone":4,"minecraft:leather":2,"minecraft:sand":5,"minecraft:oak_log":6,"minecraft:beef":10,"minecraft:mutton":5,"minecraft:white_wool":6,"minecraft:cobblestone":36},"minecraft:custom":{"minecraft:time_since_rest":12000,"minecraft:interact_with_furnace":1,"minecraft:sprint_one_cm":31414,"minecraft:damage_taken":205,"minecraft:walk_one_cm":17202,"minecraft:mob_kills":10,"minecraft:damage_dealt":939,"minecraft:interact_with_crafting_table":4,"minecraft:swim_one_cm":9175,"minecraft:fly_one_cm":89695,"minecraft:play_time":12000,"minecraft:walk_under_water_one_cm":661,"minecraft:jump":341,"minecraft:walk_on_water_one_cm":132,"minecraft:time_since_death":12000,"minecraft:total_world_time":12000,"minecraft:fall_one_cm":9882},"minecraft:killed":{"minecraft:sheep":6,"minecraft:cow":4},"minecraft:crafted":{"minecraft:oak_planks":16,"minecraft:crafting_table":1,"minecraft:stick":8,"minecraft:wooden_pickaxe":1,"minecraft:stone_pickaxe":1,"minecraft:stone_sword":1,"minecraft:furnace":1,"minecraft:stone_axe":1},"minecraft:mined":{"minecraft:crafting_table":2,"minecraft:grass":2,"minecraft:oak_log":6,"minecraft:sand":5,"minecraft:stone":36,"minecraft:oak_leaves":2,"minecraft:sandstone":4},"minecraft:used":{"minecraft:oak_log":1,"minecraft:wooden_pickaxe":40,"minecraft:sandstone":4,"minecraft:stone_axe":15,"minecraft:sand":5,"minecraft:mutton":5,"minecraft:beef":1,"minecraft:crafting_table":3,"minecraft:furnace":1}},"DataVersion":3465}