{"stats":{"minecraft:picked_up":{"minecraft:birch_log":37,"minecraft:pink_petals":102,"minecraft:crafting_table":3,"minecraft:feather":1,"minecraft:cherry_planks":17,"minecraft:chicken":2,"minecraft:oak_log":42,"minecraft:cherry_door":2,"minecraft:dirt":114,"minecraft:string":2,"minecraft:cooked_mutton":2,"minecraft:wheat_seeds":13,"minecraft:iron_ingot":4,"minecraft:beef":3,"minecraft:rose_bush":4,"minecraft:poppy":2,"minecraft:oak_planks":2,"minecraft:furnace":1,"minecraft:porkchop":7,"minecraft:sand":3,"minecraft:cherry_log":30,"minecraft:white_bed":1,"minecraft:oak_sapling":2,"minecraft:mutton":5,"minecraft:white_wool":4,"minecraft:cobblestone":20},"minecraft:custom":{"minecraft:interact_with_furnace":7,"minecraft:mob_kills":16,"minecraft:interact_with_crafting_table":11,"minecraft:leave_game":16,"minecraft:time_since_death":46396,"minecraft:sleep_in_bed":2,"minecraft:time_since_rest":3032,"minecraft:sprint_one_cm":141235,"minecraft:damage_taken":2503,"minecraft:walk_one_cm":311146,"minecraft:drop":57,"minecraft:damage_dealt":3786,"minecraft:swim_one_cm":1128,"minecraft:fly_one_cm":132337,"minecraft:open_chest":2,"minecraft:crouch_one_cm":2874,"minecraft:play_time":384968,"minecraft:deaths":8,"minecraft:sneak_time":3173,"minecraft:walk_under_water_one_cm":1154,"minecraft:jump":1108,"minecraft:walk_on_water_one_cm":5589,"minecraft:total_world_time":384968,"minecraft:fall_one_cm":27291},"minecraft:killed":{"minecraft:pig":3,"minecraft:zombie_villager":1,"minecraft:spider":1,"minecraft:iron_golem":1,"minecraft:sheep":4,"minecraft:zombie":3,"minecraft:chicken":2,"minecraft:cow":1},"minecraft:dropped":{"minecraft:furnace":1,"minecraft:wheat_seeds":7,"minecraft:cooked_porkchop":2,"minecraft:oak_planks":45,"minecraft:rose_bush":2},"minecraft:killed_by":{"minecraft:player":1,"minecraft:skeleton":2,"minecraft:creeper":1,"minecraft:spider":1,"minecraft:zombie":2,"minecraft:enderman":1},"minecraft:broken":{"minecraft:stone_axe":1,"minecraft:stone_sword":1},"minecraft:crafted":{"minecraft:cherry_planks":120,"minecraft:oak_planks":124,"minecraft:cooked_porkchop":7,"minecraft:crafting_table":2,"minecraft:wooden_pickaxe":2,"minecraft:furnace":1,"minecraft:birch_planks":148,"minecraft:stone_axe":1,"minecraft:stick":12,"minecraft:wooden_axe":1,"minecraft:stone_sword":1,"minecraft:cherry_door":3,"minecraft:white_bed":1},"minecraft:mined":{"minecraft:white_bed":1,"minecraft:cherry_planks":17,"minecraft:lily_of_the_valley":1,"minecraft:cherry_log":34,"minecraft:dandelion":1,"minecraft:crafting_table":3,"minecraft:grass_block":63,"minecraft:poppy":2,"minecraft:rose_bush":4,"minecraft:tall_grass":7,"minecraft:oak_planks":2,"minecraft:oxeye_daisy":1,"minecraft:pink_petals":37,"minecraft:hay_block":1,"minecraft:furnace":1,"minecraft:birch_log":37,"minecraft:birch_leaves":3,"minecraft:cherry_door":3,"minecraft:grass":79,"minecraft:oak_log":41,"minecraft:cherry_leaves":1,"minecraft:sand":3,"minecraft:dirt":54,"minecraft:stone":20,"minecraft:oak_leaves":16},"minecraft:used":{"minecraft:cooked_mutton":2,"minecraft:rose_bush":2,"minecraft:stone_sword":137,"minecraft:birch_planks":14,"minecraft:oak_planks":6,"minecraft:wooden_pickaxe":22,"minecraft:cherry_planks":124,"minecraft:dirt":89,"minecraft:sand":2,"minecraft:crafting_table":3,"minecraft:white_bed":2,"minecraft:wooden_axe":55,"minecraft:cherry_door":5,"minecraft:stone_axe":112,"minecraft:cobblestone":6,"minecraft:furnace":1,"minecraft:cooked_porkchop":5}},"DataVersion":3465}