{"stats":{"minecraft:picked_up":{"minecraft:crafting_table":1,"minecraft:sand":3,"minecraft:oak_log":6,"minecraft:dirt":66,"minecraft:wheat_seeds":8,"minecraft:rose_bush":2,"minecraft:oak_sapling":2},"minecraft:custom":{"minecraft:time_since_rest":20262,"minecraft:sprint_one_cm":42524,"minecraft:damage_taken":1465,"minecraft:walk_one_cm":94424,"minecraft:mob_kills":2,"minecraft:drop":7,"minecraft:damage_dealt":438,"minecraft:interact_with_crafting_table":1,"minecraft:fly_one_cm":60707,"minecraft:crouch_one_cm":790,"minecraft:play_time":296785,"minecraft:deaths":6,"minecraft:sneak_time":1712,"minecraft:jump":432,"minecraft:leave_game":14,"minecraft:time_since_death":18746,"minecraft:walk_on_water_one_cm":564,"minecraft:total_world_time":296785,"minecraft:fall_one_cm":12058},"minecraft:killed":{"minecraft:zombie":1,"minecraft:zombie_villager":1},"minecraft:dropped":{"minecraft:wheat_seeds":7},"minecraft:killed_by":{"minecraft:skeleton":1,"minecraft:creeper":1,"minecraft:spider":1,"minecraft:zombie":2,"minecraft:enderman":1},"minecraft:crafted":{"minecraft:oak_planks":20,"minecraft:crafting_table":1,"minecraft:stick":4,"minecraft:wooden_pickaxe":1},"minecraft:mined":{"minecraft:crafting_table":1,"minecraft:grass":58,"minecraft:grass_block":37,"minecraft:oak_log":6,"minecraft:rose_bush":2,"minecraft:dirt":28,"minecraft:sand":3,"minecraft:tall_grass":3,"minecraft:oak_leaves":10},"minecraft:used":{"minecraft:rose_bush":2,"minecraft:dirt":58,"minecraft:sand":2,"minecraft:crafting_table":1}},"DataVersion":3465}