{"stats":{"minecraft:picked_up":{"minecraft:crafting_table":1,"minecraft:wheat_seeds":6,"minecraft:sand":3,"minecraft:oak_log":5,"minecraft:oak_sapling":1,"minecraft:dirt":48},"minecraft:custom":{"minecraft:time_since_rest":23018,"minecraft:crouch_one_cm":218,"minecraft:play_time":247007,"minecraft:sprint_one_cm":25294,"minecraft:damage_taken":1130,"minecraft:deaths":4,"minecraft:walk_one_cm":69113,"minecraft:sneak_time":365,"minecraft:mob_kills":2,"minecraft:drop":5,"minecraft:jump":267,"minecraft:damage_dealt":438,"minecraft:leave_game":11,"minecraft:walk_on_water_one_cm":564,"minecraft:time_since_death":22970,"minecraft:total_world_time":247007,"minecraft:interact_with_crafting_table":1,"minecraft:fall_one_cm":6779,"minecraft:fly_one_cm":29300},"minecraft:killed":{"minecraft:zombie":1,"minecraft:zombie_villager":1},"minecraft:dropped":{"minecraft:wheat_seeds":5},"minecraft:killed_by":{"minecraft:creeper":1,"minecraft:spider":1,"minecraft:zombie":1,"minecraft:enderman":1},"minecraft:crafted":{"minecraft:oak_planks":20,"minecraft:crafting_table":1,"minecraft:stick":4,"minecraft:wooden_pickaxe":1},"minecraft:mined":{"minecraft:grass":55,"minecraft:oak_log":5,"minecraft:grass_block":27,"minecraft:sand":3,"minecraft:dirt":21,"minecraft:tall_grass":3,"minecraft:crafting_table":1,"minecraft:oak_leaves":6},"minecraft:used":{"minecraft:dirt":40,"minecraft:sand":2,"minecraft:crafting_table":1}},"DataVersion":3465}