{"stats":{"minecraft:picked_up":{"minecraft:pink_petals":292,"minecraft:crafting_table":1,"minecraft:leather":1,"minecraft:oak_log":16,"minecraft:cherry_door":1,"minecraft:dirt":132,"minecraft:white_banner":2,"minecraft:wooden_sword":2,"minecraft:wheat_seeds":6,"minecraft:beef":1,"minecraft:iron_ingot":5,"minecraft:rose_bush":1,"minecraft:poppy":5,"minecraft:oak_planks":45,"minecraft:furnace":1,"minecraft:stick":1,"minecraft:cooked_porkchop":2,"minecraft:dandelion":3,"minecraft:porkchop":3,"minecraft:cherry_log":16,"minecraft:white_bed":4,"minecraft:hay_block":1,"minecraft:oak_sapling":1,"minecraft:mutton":4,"minecraft:white_wool":3,"minecraft:oxeye_daisy":1},"minecraft:custom":{"minecraft:interact_with_furnace":6,"minecraft:mob_kills":7,"minecraft:interact_with_crafting_table":14,"minecraft:leave_game":2,"minecraft:time_since_death":59666,"minecraft:sleep_in_bed":1,"minecraft:time_since_rest":9456,"minecraft:sprint_one_cm":78387,"minecraft:damage_taken":555,"minecraft:walk_one_cm":264059,"minecraft:drop":9,"minecraft:damage_dealt":603,"minecraft:swim_one_cm":6169,"minecraft:fly_one_cm":34971,"minecraft:open_chest":6,"minecraft:crouch_one_cm":1462,"minecraft:play_time":59666,"minecraft:sneak_time":801,"minecraft:walk_under_water_one_cm":2141,"minecraft:jump":457,"minecraft:walk_on_water_one_cm":2683,"minecraft:total_world_time":59666,"minecraft:fall_one_cm":5866},"minecraft:killed":{"minecraft:pig":1,"minecraft:iron_golem":1,"minecraft:sheep":3,"minecraft:pillager":1,"minecraft:cow":1},"minecraft:dropped":{"minecraft:iron_ingot":3,"minecraft:cooked_mutton":2,"minecraft:poppy":2,"minecraft:wooden_sword":2},"minecraft:crafted":{"minecraft:cooked_beef":1,"minecraft:cherry_planks":64,"minecraft:wooden_sword":1,"minecraft:oak_planks":60,"minecraft:crafting_table":1,"minecraft:wooden_pickaxe":1,"minecraft:cooked_mutton":4,"minecraft:shield":2,"minecraft:stick":4,"minecraft:wooden_axe":1,"minecraft:chest":2,"minecraft:white_bed":1,"minecraft:wheat":9},"minecraft:mined":{"minecraft:white_bed":4,"minecraft:cherry_log":16,"minecraft:dandelion":2,"minecraft:crafting_table":1,"minecraft:grass_block":126,"minecraft:poppy":3,"minecraft:rose_bush":2,"minecraft:tall_grass":14,"minecraft:oak_planks":1,"minecraft:pink_petals":106,"minecraft:hay_block":1,"minecraft:bee_nest":1,"minecraft:grass":24,"minecraft:oak_log":16,"minecraft:cherry_leaves":5,"minecraft:white_banner":1,"minecraft:oak_leaves":13},"minecraft:used":{"minecraft:cooked_mutton":2,"minecraft:oak_planks":49,"minecraft:chest":2,"minecraft:dirt":1,"minecraft:crafting_table":2,"minecraft:white_bed":5,"minecraft:oak_log":1,"minecraft:wooden_axe":8,"minecraft:cherry_door":1,"minecraft:pink_petals":1,"minecraft:wooden_sword":26,"minecraft:white_banner":1,"minecraft:cooked_porkchop":2,"minecraft:furnace":1,"minecraft:porkchop":3,"minecraft:cooked_beef":1}},"DataVersion":3465}