{"stats":{"minecraft:picked_up":{"minecraft:stick":1,"minecraft:cooked_porkchop":2,"minecraft:leather":1,"minecraft:dandelion":3,"minecraft:porkchop":3,"minecraft:oak_log":16,"minecraft:dirt":2,"minecraft:white_banner":1,"minecraft:wooden_sword":2,"minecraft:wheat_seeds":4,"minecraft:hay_block":1,"minecraft:iron_ingot":5,"minecraft:beef":1,"minecraft:rose_bush":1,"minecraft:poppy":4,"minecraft:oak_sapling":1,"minecraft:pink_petals":47,"minecraft:mutton":4,"minecraft:white_wool":3,"minecraft:furnace":1,"minecraft:oxeye_daisy":1},"minecraft:custom":{"minecraft:time_since_rest":12146,"minecraft:interact_with_furnace":6,"minecraft:sprint_one_cm":60685,"minecraft:damage_taken":438,"minecraft:walk_one_cm":144255,"minecraft:mob_kills":7,"minecraft:drop":5,"minecraft:damage_dealt":583,"minecraft:interact_with_crafting_table":4,"minecraft:swim_one_cm":6169,"minecraft:fly_one_cm":29434,"minecraft:crouch_one_cm":1409,"minecraft:play_time":36380,"minecraft:sneak_time":751,"minecraft:walk_under_water_one_cm":2141,"minecraft:jump":373,"minecraft:leave_game":1,"minecraft:walk_on_water_one_cm":2683,"minecraft:time_since_death":36380,"minecraft:total_world_time":36380,"minecraft:fall_one_cm":5181},"minecraft:killed":{"minecraft:sheep":3,"minecraft:pillager":1,"minecraft:pig":1,"minecraft:iron_golem":1,"minecraft:cow":1},"minecraft:dropped":{"minecraft:poppy":1,"minecraft:wooden_sword":2,"minecraft:cooked_mutton":2},"minecraft:crafted":{"minecraft:cooked_beef":1,"minecraft:wooden_sword":1,"minecraft:oak_planks":60,"minecraft:crafting_table":1,"minecraft:stick":4,"minecraft:wooden_pickaxe":1,"minecraft:wooden_axe":1,"minecraft:wheat":9,"minecraft:cooked_mutton":4},"minecraft:mined":{"minecraft:hay_block":1,"minecraft:dandelion":2,"minecraft:bee_nest":1,"minecraft:grass":12,"minecraft:grass_block":2,"minecraft:oak_log":16,"minecraft:poppy":3,"minecraft:rose_bush":2,"minecraft:tall_grass":13,"minecraft:pink_petals":20,"minecraft:oak_leaves":13},"minecraft:used":{"minecraft:oak_log":1,"minecraft:wooden_axe":8,"minecraft:oak_planks":1,"minecraft:wooden_sword":26,"minecraft:crafting_table":1,"minecraft:furnace":1,"minecraft:porkchop":3,"minecraft:cooked_porkchop":2,"minecraft:cooked_mutton":2}},"DataVersion":3465}