{"stats":{"minecraft:picked_up":{"minecraft:crafting_table":1,"minecraft:sand":3,"minecraft:oak_log":6,"minecraft:string":2,"minecraft:dirt":71,"minecraft:wheat_seeds":8,"minecraft:rose_bush":2,"minecraft:oak_sapling":2},"minecraft:custom":{"minecraft:time_since_rest":26262,"minecraft:sprint_one_cm":43464,"minecraft:damage_taken":1545,"minecraft:walk_one_cm":95937,"minecraft:mob_kills":3,"minecraft:drop":7,"minecraft:damage_dealt":567,"minecraft:interact_with_crafting_table":1,"minecraft:fly_one_cm":62121,"minecraft:crouch_one_cm":790,"minecraft:play_time":302785,"minecraft:deaths":6,"minecraft:sneak_time":1712,"minecraft:jump":446,"minecraft:leave_game":14,"minecraft:walk_on_water_one_cm":564,"minecraft:time_since_death":24746,"minecraft:total_world_time":302785,"minecraft:fall_one_cm":12267},"minecraft:killed":{"minecraft:zombie":1,"minecraft:zombie_villager":1,"minecraft:spider":1},"minecraft:dropped":{"minecraft:wheat_seeds":7},"minecraft:killed_by":{"minecraft:skeleton":1,"minecraft:creeper":1,"minecraft:spider":1,"minecraft:zombie":2,"minecraft:enderman":1},"minecraft:crafted":{"minecraft:oak_planks":20,"minecraft:crafting_table":1,"minecraft:stick":4,"minecraft:wooden_pickaxe":1},"minecraft:mined":{"minecraft:crafting_table":1,"minecraft:grass":59,"minecraft:grass_block":37,"minecraft:oak_log":6,"minecraft:rose_bush":2,"minecraft:dirt":33,"minecraft:sand":3,"minecraft:tall_grass":3,"minecraft:oak_leaves":10},"minecraft:used":{"minecraft:rose_bush":2,"minecraft:dirt":63,"minecraft:sand":2,"minecraft:crafting_table":1}},"DataVersion":3465}