{"stats":{"minecraft:picked_up":{"minecraft:wheat_seeds":5,"minecraft:sand":3,"minecraft:dirt":36},"minecraft:custom":{"minecraft:time_since_rest":11018,"minecraft:crouch_one_cm":218,"minecraft:play_time":235007,"minecraft:sprint_one_cm":24763,"minecraft:damage_taken":1130,"minecraft:deaths":4,"minecraft:walk_one_cm":58127,"minecraft:sneak_time":365,"minecraft:mob_kills":2,"minecraft:drop":5,"minecraft:jump":227,"minecraft:damage_dealt":438,"minecraft:leave_game":11,"minecraft:walk_on_water_one_cm":564,"minecraft:time_since_death":10970,"minecraft:total_world_time":235007,"minecraft:fall_one_cm":6570,"minecraft:fly_one_cm":28641},"minecraft:killed":{"minecraft:zombie":1,"minecraft:zombie_villager":1},"minecraft:dropped":{"minecraft:wheat_seeds":5},"minecraft:killed_by":{"minecraft:creeper":1,"minecraft:spider":1,"minecraft:zombie":1,"minecraft:enderman":1},"minecraft:mined":{"minecraft:grass":51,"minecraft:grass_block":19,"minecraft:sand":3,"minecraft:dirt":17,"minecraft:tall_grass":3},"minecraft:used":{"minecraft:dirt":36}},"DataVersion":3465}