{"stats":{"minecraft:mined":{"minecraft:grass":1,"minecraft:grass_block":1,"minecraft:oak_log":17,"minecraft:oak_leaves":4,"minecraft:crafting_table":1},"minecraft:killed":{"minecraft:zombie":1},"minecraft:custom":{"minecraft:time_since_rest":2340,"minecraft:crouch_one_cm":65,"minecraft:sprint_one_cm":31650,"minecraft:play_time":12549,"minecraft:damage_taken":140,"minecraft:walk_one_cm":14233,"minecraft:sneak_time":966,"minecraft:mob_kills":1,"minecraft:jump":149,"minecraft:damage_dealt":30,"minecraft:leave_game":4,"minecraft:time_since_death":12549,"minecraft:total_world_time":12549,"minecraft:interact_with_crafting_table":2,"minecraft:fall_one_cm":4340,"minecraft:fly_one_cm":35331},"minecraft:used":{"minecraft:wooden_axe":8,"minecraft:wooden_sword":2,"minecraft:dirt":1,"minecraft:crafting_table":1},"minecraft:picked_up":{"minecraft:bone":1,"minecraft:crafting_table":1,"minecraft:arrow":1,"minecraft:oak_log":17,"minecraft:oak_sapling":2,"minecraft:dirt":1},"minecraft:crafted":{"minecraft:wooden_sword":1,"minecraft:oak_planks":48,"minecraft:crafting_table":1,"minecraft:stick":8,"minecraft:wooden_pickaxe":1,"minecraft:wooden_axe":1}},"DataVersion":3465}