{"stats":{"minecraft:picked_up":{"minecraft:crafting_table":1,"minecraft:sand":3,"minecraft:oak_log":6,"minecraft:string":2,"minecraft:dirt":90,"minecraft:wheat_seeds":8,"minecraft:rose_bush":2,"minecraft:oak_sapling":2},"minecraft:custom":{"minecraft:time_since_rest":4681,"minecraft:sprint_one_cm":54761,"minecraft:damage_taken":1775,"minecraft:walk_one_cm":108746,"minecraft:mob_kills":4,"minecraft:drop":7,"minecraft:damage_dealt":605,"minecraft:interact_with_crafting_table":1,"minecraft:fly_one_cm":73189,"minecraft:crouch_one_cm":830,"minecraft:play_time":325818,"minecraft:deaths":7,"minecraft:sneak_time":1797,"minecraft:jump":569,"minecraft:leave_game":15,"minecraft:walk_on_water_one_cm":564,"minecraft:time_since_death":3407,"minecraft:total_world_time":325818,"minecraft:fall_one_cm":16302},"minecraft:killed":{"minecraft:zombie":2,"minecraft:zombie_villager":1,"minecraft:spider":1},"minecraft:dropped":{"minecraft:wheat_seeds":7},"minecraft:killed_by":{"minecraft:player":1,"minecraft:skeleton":1,"minecraft:creeper":1,"minecraft:spider":1,"minecraft:zombie":2,"minecraft:enderman":1},"minecraft:crafted":{"minecraft:oak_planks":20,"minecraft:crafting_table":1,"minecraft:stick":4,"minecraft:wooden_pickaxe":1},"minecraft:mined":{"minecraft:crafting_table":1,"minecraft:grass":60,"minecraft:grass_block":43,"minecraft:oak_log":6,"minecraft:rose_bush":2,"minecraft:dirt":46,"minecraft:sand":3,"minecraft:tall_grass":3,"minecraft:oak_leaves":10},"minecraft:used":{"minecraft:rose_bush":2,"minecraft:dirt":81,"minecraft:sand":2,"minecraft:crafting_table":1}},"DataVersion":3465}