{"stats":{"minecraft:picked_up":{"minecraft:wheat_seeds":5,"minecraft:dirt":35},"minecraft:custom":{"minecraft:time_since_rest":11376,"minecraft:crouch_one_cm":93,"minecraft:play_time":223007,"minecraft:sprint_one_cm":19983,"minecraft:damage_taken":720,"minecraft:deaths":3,"minecraft:walk_one_cm":53409,"minecraft:sneak_time":349,"minecraft:mob_kills":2,"minecraft:drop":5,"minecraft:jump":206,"minecraft:damage_dealt":374,"minecraft:leave_game":11,"minecraft:walk_on_water_one_cm":564,"minecraft:time_since_death":3323,"minecraft:total_world_time":223007,"minecraft:fall_one_cm":4823,"minecraft:fly_one_cm":22969},"minecraft:killed":{"minecraft:zombie":1,"minecraft:zombie_villager":1},"minecraft:dropped":{"minecraft:wheat_seeds":5},"minecraft:killed_by":{"minecraft:creeper":1,"minecraft:spider":1,"minecraft:zombie":1},"minecraft:mined":{"minecraft:grass":51,"minecraft:grass_block":19,"minecraft:dirt":16,"minecraft:tall_grass":3},"minecraft:used":{"minecraft:dirt":35}},"DataVersion":3465}