{"stats":{"minecraft:picked_up":{"minecraft:birch_log":19,"minecraft:crafting_table":2,"minecraft:feather":6,"minecraft:chicken":6,"minecraft:leather":3,"minecraft:potato":7,"minecraft:birch_planks":3,"minecraft:flint":1,"minecraft:oak_log":16,"minecraft:yellow_bed":1,"minecraft:dirt":100,"minecraft:white_banner":2,"minecraft:bone":1,"minecraft:wheat_seeds":2,"minecraft:beef":9,"minecraft:light_gray_wool":1,"minecraft:sugar_cane":32,"minecraft:chest":2,"minecraft:furnace":1,"minecraft:raw_iron":9,"minecraft:torch":1,"minecraft:gravel":17,"minecraft:porkchop":6,"minecraft:diorite":5,"minecraft:arrow":1,"minecraft:stone_axe":1,"minecraft:hay_block":3,"minecraft:granite":1,"minecraft:gray_wool":1,"minecraft:bread":7,"minecraft:oak_sapling":1,"minecraft:coal":5,"minecraft:black_wool":1,"minecraft:mutton":25,"minecraft:white_wool":12,"minecraft:cobblestone":416},"minecraft:custom":{"minecraft:interact_with_furnace":10,"minecraft:mob_kills":31,"minecraft:interact_with_crafting_table":11,"minecraft:leave_game":2,"minecraft:time_since_death":64,"minecraft:time_since_rest":84,"minecraft:sprint_one_cm":62734,"minecraft:damage_taken":670,"minecraft:walk_one_cm":61951,"minecraft:damage_blocked_by_shield":125,"minecraft:drop":1,"minecraft:damage_dealt":2528,"minecraft:swim_one_cm":6848,"minecraft:fly_one_cm":123284,"minecraft:open_chest":7,"minecraft:crouch_one_cm":547,"minecraft:play_time":40612,"minecraft:deaths":1,"minecraft:sneak_time":131,"minecraft:walk_under_water_one_cm":2458,"minecraft:jump":657,"minecraft:walk_on_water_one_cm":7519,"minecraft:total_world_time":40612,"minecraft:fall_one_cm":18039},"minecraft:killed":{"minecraft:pig":4,"minecraft:sheep":16,"minecraft:skeleton":1,"minecraft:chicken":6,"minecraft:cow":4},"minecraft:dropped":{"minecraft:stone_axe":1},"minecraft:crafted":{"minecraft:oak_planks":4,"minecraft:cooked_porkchop":2,"minecraft:crafting_table":2,"minecraft:wooden_pickaxe":1,"minecraft:furnace":1,"minecraft:birch_planks":24,"minecraft:stone_axe":1,"minecraft:bread":6,"minecraft:charcoal":15,"minecraft:shield":2,"minecraft:stick":20,"minecraft:stone_pickaxe":3,"minecraft:torch":12,"minecraft:wheat":9},"minecraft:broken":{"minecraft:stone_pickaxe":2,"minecraft:stone_axe":1,"minecraft:wooden_pickaxe":1},"minecraft:mined":{"minecraft:crafting_table":2,"minecraft:torch":1,"minecraft:granite":1,"minecraft:grass_block":7,"minecraft:chest":2,"minecraft:cobblestone":1,"minecraft:sugar_cane":16,"minecraft:diorite":5,"minecraft:hay_block":3,"minecraft:furnace":1,"minecraft:birch_log":16,"minecraft:iron_ore":9,"minecraft:birch_leaves":1,"minecraft:white_wall_banner":2,"minecraft:yellow_bed":1,"minecraft:grass":9,"minecraft:coal_ore":5,"minecraft:oak_log":19,"minecraft:gravel":18,"minecraft:dirt":36,"minecraft:stone":416,"minecraft:oak_leaves":5},"minecraft:used":{"minecraft:diorite":1,"minecraft:stone_pickaxe":380,"minecraft:chest":1,"minecraft:wooden_pickaxe":59,"minecraft:shield":2,"minecraft:torch":13,"minecraft:dirt":16,"minecraft:crafting_table":3,"minecraft:black_wool":1,"minecraft:bread":7,"minecraft:stone_axe":100,"minecraft:cobblestone":28,"minecraft:hay_block":2,"minecraft:furnace":2,"minecraft:cooked_porkchop":2}},"DataVersion":3465}