{"stats":{"minecraft:picked_up":{"minecraft:wheat_seeds":5,"minecraft:dirt":35},"minecraft:custom":{"minecraft:time_since_rest":7589,"minecraft:play_time":219220,"minecraft:sprint_one_cm":18071,"minecraft:deaths":3,"minecraft:damage_taken":720,"minecraft:walk_one_cm":48683,"minecraft:sneak_time":338,"minecraft:mob_kills":2,"minecraft:drop":5,"minecraft:jump":200,"minecraft:damage_dealt":374,"minecraft:leave_game":9,"minecraft:walk_on_water_one_cm":564,"minecraft:time_since_death":0,"minecraft:total_world_time":219220,"minecraft:fall_one_cm":4823,"minecraft:fly_one_cm":22278},"minecraft:killed":{"minecraft:zombie":1,"minecraft:zombie_villager":1},"minecraft:dropped":{"minecraft:wheat_seeds":5},"minecraft:killed_by":{"minecraft:creeper":1,"minecraft:spider":1,"minecraft:zombie":1},"minecraft:mined":{"minecraft:grass":51,"minecraft:grass_block":19,"minecraft:dirt":16,"minecraft:tall_grass":3},"minecraft:used":{"minecraft:dirt":35}},"DataVersion":3465}