{"stats":{"minecraft:picked_up":{"minecraft:wooden_axe":8,"minecraft:pink_petals":514,"minecraft:crafting_table":1,"minecraft:cherry_planks":20,"minecraft:leather":1,"minecraft:wooden_pickaxe":10,"minecraft:oak_log":42,"minecraft:shield":8,"minecraft:cherry_door":1,"minecraft:string":3,"minecraft:dirt":840,"minecraft:white_banner":3,"minecraft:wooden_sword":10,"minecraft:wheat_seeds":33,"minecraft:beef":1,"minecraft:iron_ingot":5,"minecraft:rose_bush":10,"minecraft:poppy":5,"minecraft:oak_planks":87,"minecraft:furnace":1,"minecraft:stick":221,"minecraft:cooked_porkchop":2,"minecraft:oak_fence":3,"minecraft:dandelion":3,"minecraft:porkchop":3,"minecraft:cherry_log":25,"minecraft:white_bed":12,"minecraft:spider_eye":1,"minecraft:rotten_flesh":1,"minecraft:iron_helmet":8,"minecraft:hay_block":1,"minecraft:cherry_sapling":11,"minecraft:saddle":1,"minecraft:oak_sapling":1,"minecraft:mutton":8,"minecraft:white_wool":21,"minecraft:oxeye_daisy":1},"minecraft:custom":{"minecraft:interact_with_furnace":8,"minecraft:mob_kills":12,"minecraft:interact_with_crafting_table":34,"minecraft:raid_trigger":1,"minecraft:bell_ring":19,"minecraft:leave_game":2,"minecraft:time_since_death":122,"minecraft:sleep_in_bed":4,"minecraft:time_since_rest":217,"minecraft:sprint_one_cm":228091,"minecraft:damage_taken":3786,"minecraft:walk_one_cm":515483,"minecraft:drop":12,"minecraft:damage_dealt":2246,"minecraft:swim_one_cm":6169,"minecraft:fly_one_cm":77597,"minecraft:open_chest":19,"minecraft:crouch_one_cm":9668,"minecraft:play_time":106586,"minecraft:deaths":12,"minecraft:sneak_time":3288,"minecraft:walk_under_water_one_cm":2141,"minecraft:jump":687,"minecraft:walk_on_water_one_cm":2683,"minecraft:total_world_time":106586,"minecraft:fall_one_cm":11197},"minecraft:killed":{"minecraft:pig":1,"minecraft:spider":1,"minecraft:iron_golem":1,"minecraft:ravager":1,"minecraft:sheep":5,"minecraft:pillager":2,"minecraft:cow":1},"minecraft:dropped":{"minecraft:iron_ingot":3,"minecraft:iron_helmet":1,"minecraft:cooked_mutton":2,"minecraft:stick":2,"minecraft:poppy":2,"minecraft:wooden_sword":2},"minecraft:killed_by":{"minecraft:vindicator":1,"minecraft:player":1,"minecraft:pillager":1,"minecraft:ravager":8},"minecraft:broken":{"minecraft:wooden_sword":1,"minecraft:wooden_axe":1},"minecraft:crafted":{"minecraft:cooked_beef":1,"minecraft:cherry_planks":100,"minecraft:wooden_sword":1,"minecraft:oak_planks":144,"minecraft:crafting_table":1,"minecraft:cooked_chicken":2,"minecraft:wooden_pickaxe":1,"minecraft:cooked_mutton":4,"minecraft:shield":2,"minecraft:stick":96,"minecraft:wooden_axe":1,"minecraft:chest":2,"minecraft:white_bed":1,"minecraft:oak_fence":66,"minecraft:wheat":9},"minecraft:mined":{"minecraft:white_bed":4,"minecraft:cherry_planks":7,"minecraft:cherry_log":25,"minecraft:dandelion":2,"minecraft:oak_fence":3,"minecraft:crafting_table":1,"minecraft:grass_block":202,"minecraft:poppy":3,"minecraft:rose_bush":3,"minecraft:tall_grass":23,"minecraft:oak_planks":2,"minecraft:pink_petals":144,"minecraft:hay_block":1,"minecraft:bee_nest":1,"minecraft:grass":61,"minecraft:oak_log":34,"minecraft:cherry_leaves":12,"minecraft:dirt":19,"minecraft:white_banner":1,"minecraft:oak_leaves":13},"minecraft:used":{"minecraft:oak_fence":51,"minecraft:cooked_mutton":2,"minecraft:oak_planks":51,"minecraft:chest":2,"minecraft:wooden_pickaxe":2,"minecraft:cherry_planks":96,"minecraft:cooked_chicken":2,"minecraft:dirt":112,"minecraft:crafting_table":2,"minecraft:white_bed":5,"minecraft:oak_log":1,"minecraft:wooden_axe":39,"minecraft:cherry_door":1,"minecraft:string":1,"minecraft:pink_petals":1,"minecraft:wooden_sword":67,"minecraft:porkchop":3,"minecraft:furnace":1,"minecraft:white_banner":1,"minecraft:cooked_porkchop":2,"minecraft:cooked_beef":1}},"DataVersion":3465}