{"stats":{"minecraft:picked_up":{"minecraft:birch_log":32,"minecraft:crafting_table":3,"minecraft:feather":12,"minecraft:chicken":12,"minecraft:andesite":3,"minecraft:leather":7,"minecraft:potato":14,"minecraft:birch_planks":3,"minecraft:flint":1,"minecraft:oak_log":16,"minecraft:yellow_bed":2,"minecraft:shield":2,"minecraft:dirt":172,"minecraft:white_banner":2,"minecraft:bone":1,"minecraft:apple":4,"minecraft:wheat_seeds":2,"minecraft:stone_pickaxe":1,"minecraft:beef":21,"minecraft:light_gray_wool":1,"minecraft:sugar_cane":64,"minecraft:chest":3,"minecraft:furnace":1,"minecraft:stick":7,"minecraft:raw_iron":18,"minecraft:torch":1,"minecraft:gravel":17,"minecraft:porkchop":10,"minecraft:diorite":9,"minecraft:arrow":2,"minecraft:stone_axe":1,"minecraft:hay_block":3,"minecraft:granite":1,"minecraft:gray_wool":1,"minecraft:saddle":1,"minecraft:bread":13,"minecraft:oak_sapling":1,"minecraft:black_wool":1,"minecraft:mutton":25,"minecraft:coal":10,"minecraft:white_wool":27,"minecraft:cobblestone":809},"minecraft:custom":{"minecraft:interact_with_furnace":12,"minecraft:mob_kills":31,"minecraft:interact_with_crafting_table":14,"minecraft:leave_game":4,"minecraft:time_since_death":46940,"minecraft:sleep_in_bed":2,"minecraft:time_since_rest":25631,"minecraft:sprint_one_cm":92425,"minecraft:damage_taken":1010,"minecraft:walk_one_cm":101695,"minecraft:damage_blocked_by_shield":125,"minecraft:drop":1,"minecraft:damage_dealt":2579,"minecraft:swim_one_cm":18626,"minecraft:fly_one_cm":183480,"minecraft:open_chest":10,"minecraft:crouch_one_cm":1292,"minecraft:play_time":94656,"minecraft:deaths":2,"minecraft:sneak_time":23363,"minecraft:walk_under_water_one_cm":3547,"minecraft:jump":1217,"minecraft:walk_on_water_one_cm":10310,"minecraft:total_world_time":94656,"minecraft:fall_one_cm":34950},"minecraft:killed":{"minecraft:pig":4,"minecraft:skeleton":1,"minecraft:sheep":16,"minecraft:chicken":6,"minecraft:cow":4},"minecraft:dropped":{"minecraft:stone_axe":1},"minecraft:killed_by":{"minecraft:zombie":1},"minecraft:crafted":{"minecraft:cooked_beef":12,"minecraft:oak_planks":4,"minecraft:cobblestone_slab":12,"minecraft:cooked_porkchop":2,"minecraft:crafting_table":2,"minecraft:wooden_pickaxe":1,"minecraft:furnace":1,"minecraft:birch_planks":24,"minecraft:stone_axe":1,"minecraft:bread":6,"minecraft:cooked_mutton":25,"minecraft:charcoal":15,"minecraft:shield":2,"minecraft:stick":20,"minecraft:stone_pickaxe":4,"minecraft:torch":32,"minecraft:wheat":9},"minecraft:broken":{"minecraft:stone_pickaxe":3,"minecraft:stone_axe":1,"minecraft:wooden_pickaxe":1},"minecraft:mined":{"minecraft:powder_snow":4,"minecraft:crafting_table":2,"minecraft:torch":1,"minecraft:granite":1,"minecraft:grass_block":9,"minecraft:chest":2,"minecraft:cobblestone":1,"minecraft:sugar_cane":16,"minecraft:diorite":5,"minecraft:hay_block":3,"minecraft:furnace":1,"minecraft:birch_log":16,"minecraft:iron_ore":9,"minecraft:andesite":3,"minecraft:birch_leaves":1,"minecraft:white_wall_banner":2,"minecraft:yellow_bed":1,"minecraft:grass":9,"minecraft:oak_log":19,"minecraft:coal_ore":5,"minecraft:gravel":18,"minecraft:dirt":42,"minecraft:stone":440,"minecraft:oak_leaves":8},"minecraft:used":{"minecraft:cooked_mutton":2,"minecraft:diorite":1,"minecraft:stone_pickaxe":407,"minecraft:chest":1,"minecraft:shield":2,"minecraft:wooden_pickaxe":59,"minecraft:cobblestone_slab":6,"minecraft:torch":14,"minecraft:dirt":17,"minecraft:crafting_table":3,"minecraft:black_wool":1,"minecraft:bread":7,"minecraft:stone_axe":100,"minecraft:cobblestone":32,"minecraft:hay_block":2,"minecraft:furnace":2,"minecraft:cooked_porkchop":2,"minecraft:andesite":3,"minecraft:yellow_bed":1}},"DataVersion":3465}