{"stats":{"minecraft:picked_up":{"minecraft:crafting_table":2,"minecraft:cooked_beef":14,"minecraft:cooked_porkchop":3,"minecraft:leather":4,"minecraft:wooden_pickaxe":2,"minecraft:oak_log":3,"minecraft:dirt":28,"minecraft:string":2,"minecraft:stone_sword":2,"minecraft:bone":2,"minecraft:rotten_flesh":4,"minecraft:stone_axe":2,"minecraft:wheat_seeds":2,"minecraft:stone_pickaxe":2,"minecraft:black_wool":2,"minecraft:mutton":1,"minecraft:white_wool":12,"minecraft:cobblestone":40,"minecraft:furnace":2},"minecraft:custom":{"minecraft:time_since_rest":20,"minecraft:sprint_one_cm":71847,"minecraft:damage_taken":845,"minecraft:walk_one_cm":48219,"minecraft:mob_kills":3,"minecraft:damage_dealt":561,"minecraft:swim_one_cm":8085,"minecraft:fly_one_cm":119506,"minecraft:player_kills":1,"minecraft:play_time":21606,"minecraft:deaths":3,"minecraft:sneak_time":78,"minecraft:walk_under_water_one_cm":983,"minecraft:jump":898,"minecraft:leave_game":1,"minecraft:walk_on_water_one_cm":3561,"minecraft:time_since_death":0,"minecraft:total_world_time":21606,"minecraft:fall_one_cm":22802},"minecraft:killed":{"minecraft:skeleton":1,"minecraft:zombie":1},"minecraft:killed_by":{"minecraft:creeper":2,"minecraft:spider":1},"minecraft:mined":{"minecraft:birch_leaves":1,"minecraft:grass":10,"minecraft:grass_block":3,"minecraft:dirt":7,"minecraft:oak_leaves":3},"minecraft:used":{"minecraft:stone_sword":17,"minecraft:dirt":11,"minecraft:cooked_porkchop":2}},"DataVersion":3465}