{"stats":{"minecraft:picked_up":{"minecraft:crafting_table":1,"minecraft:cooked_beef":7,"minecraft:bone":2,"minecraft:cooked_porkchop":3,"minecraft:stone_axe":1,"minecraft:leather":2,"minecraft:wheat_seeds":1,"minecraft:black_wool":1,"minecraft:mutton":1,"minecraft:white_wool":6,"minecraft:dirt":10,"minecraft:cobblestone":20},"minecraft:custom":{"minecraft:time_since_rest":6000,"minecraft:play_time":6000,"minecraft:sprint_one_cm":22396,"minecraft:damage_taken":165,"minecraft:walk_one_cm":7834,"minecraft:sneak_time":64,"minecraft:jump":201,"minecraft:damage_dealt":36,"minecraft:time_since_death":6000,"minecraft:walk_on_water_one_cm":818,"minecraft:total_world_time":6000,"minecraft:fall_one_cm":4304,"minecraft:fly_one_cm":36599},"minecraft:mined":{"minecraft:grass":3,"minecraft:grass_block":2,"minecraft:dirt":6,"minecraft:birch_leaves":1},"minecraft:used":{"minecraft:dirt":5}},"DataVersion":3465}