{"stats":{"minecraft:custom":{"minecraft:jump":53,"minecraft:time_since_rest":8408,"minecraft:crouch_one_cm":501,"minecraft:leave_game":1,"minecraft:play_time":8408,"minecraft:sprint_one_cm":8897,"minecraft:damage_taken":20,"minecraft:time_since_death":8408,"minecraft:walk_one_cm":10869,"minecraft:sneak_time":174,"minecraft:total_world_time":8408,"minecraft:drop":3,"minecraft:fall_one_cm":1660,"minecraft:fly_one_cm":8659},"minecraft:picked_up":{"minecraft:wheat_seeds":3},"minecraft:dropped":{"minecraft:wheat_seeds":3},"minecraft:mined":{"minecraft:grass":31,"minecraft:tall_grass":7}},"DataVersion":3465}