{"stats":{"minecraft:dropped":{"minecraft:wheat_seeds":3},"minecraft:custom":{"minecraft:jump":58,"minecraft:time_since_rest":22221,"minecraft:damage_taken":30,"minecraft:damage_dealt":28,"minecraft:crouch_one_cm":501,"minecraft:leave_game":4,"minecraft:sprint_one_cm":8897,"minecraft:play_time":22221,"minecraft:time_since_death":22221,"minecraft:walk_on_water_one_cm":386,"minecraft:walk_one_cm":20178,"minecraft:sneak_time":174,"minecraft:total_world_time":22221,"minecraft:drop":3,"minecraft:fall_one_cm":1660,"minecraft:fly_one_cm":8699},"minecraft:picked_up":{"minecraft:wheat_seeds":3,"minecraft:dirt":1},"minecraft:mined":{"minecraft:grass":31,"minecraft:tall_grass":7,"minecraft:dirt":1},"minecraft:used":{"minecraft:dirt":1}},"DataVersion":3465}