{"stats":{"minecraft:picked_up":{"minecraft:wooden_axe":1,"minecraft:wooden_sword":1,"minecraft:pink_petals":6,"minecraft:stick":18,"minecraft:wheat_seeds":3,"minecraft:wooden_pickaxe":1,"minecraft:oak_log":1,"minecraft:rose_bush":1,"minecraft:shield":1,"minecraft:mutton":2,"minecraft:oak_planks":1,"minecraft:white_wool":2,"minecraft:dirt":67},"minecraft:custom":{"minecraft:open_chest":1,"minecraft:time_since_rest":3224,"minecraft:crouch_one_cm":57,"minecraft:play_time":183014,"minecraft:sprint_one_cm":24292,"minecraft:deaths":2,"minecraft:damage_taken":706,"minecraft:walk_one_cm":40295,"minecraft:sneak_time":24,"minecraft:jump":148,"minecraft:damage_dealt":10,"minecraft:leave_game":5,"minecraft:walk_on_water_one_cm":150,"minecraft:time_since_death":2421,"minecraft:sleep_in_bed":1,"minecraft:total_world_time":183014,"minecraft:fall_one_cm":1732,"minecraft:fly_one_cm":24958},"minecraft:killed_by":{"minecraft:ravager":1,"minecraft:zombie":1},"minecraft:mined":{"minecraft:grass_block":1,"minecraft:dirt":2},"minecraft:used":{"minecraft:dirt":8,"minecraft:white_bed":1,"minecraft:iron_helmet":1}},"DataVersion":3465}