{"stats":{"minecraft:picked_up":{"minecraft:wooden_axe":1,"minecraft:pink_petals":36,"minecraft:stick":69,"minecraft:cherry_planks":26,"minecraft:oak_fence":18,"minecraft:wooden_pickaxe":2,"minecraft:birch_planks":51,"minecraft:oak_log":1,"minecraft:shield":1,"minecraft:string":3,"minecraft:spider_eye":3,"minecraft:dirt":251,"minecraft:white_banner":1,"minecraft:wooden_sword":1,"minecraft:rotten_flesh":2,"minecraft:wheat_seeds":13,"minecraft:iron_helmet":3,"minecraft:iron_ingot":14,"minecraft:cherry_sapling":2,"minecraft:rose_bush":4,"minecraft:mutton":2,"minecraft:oak_planks":57,"minecraft:white_wool":2},"minecraft:custom":{"minecraft:time_since_rest":6497,"minecraft:interact_with_furnace":2,"minecraft:sprint_one_cm":48014,"minecraft:damage_taken":1880,"minecraft:walk_one_cm":126618,"minecraft:damage_blocked_by_shield":73,"minecraft:mob_kills":5,"minecraft:drop":73,"minecraft:damage_dealt":1254,"minecraft:player_kills":1,"minecraft:interact_with_crafting_table":3,"minecraft:fly_one_cm":41810,"minecraft:open_chest":4,"minecraft:crouch_one_cm":246,"minecraft:play_time":207014,"minecraft:deaths":6,"minecraft:sneak_time":108,"minecraft:jump":232,"minecraft:leave_game":5,"minecraft:time_since_death":11812,"minecraft:walk_on_water_one_cm":150,"minecraft:sleep_in_bed":2,"minecraft:total_world_time":207014,"minecraft:fall_one_cm":4348},"minecraft:killed":{"minecraft:pillager":1,"minecraft:zombie":2,"minecraft:spider":2},"minecraft:dropped":{"minecraft:dirt":108,"minecraft:birch_planks":16,"minecraft:wheat_seeds":5,"minecraft:rose_bush":1,"minecraft:rotten_flesh":2,"minecraft:cherry_planks":18,"minecraft:cherry_sapling":2,"minecraft:oak_fence":18,"minecraft:oak_planks":28,"minecraft:beef":3,"minecraft:wooden_pickaxe":1,"minecraft:pink_petals":29,"minecraft:stick":51},"minecraft:killed_by":{"minecraft:ravager":3,"minecraft:zombie":1,"minecraft:pillager":2},"minecraft:crafted":{"minecraft:shield":1,"minecraft:stick":4,"minecraft:iron_pickaxe":1,"minecraft:iron_sword":1,"minecraft:air":0,"minecraft:cooked_mutton":7},"minecraft:mined":{"minecraft:pink_petals":4,"minecraft:birch_planks":1,"minecraft:grass":1,"minecraft:grass_block":1,"minecraft:dirt":5},"minecraft:used":{"minecraft:cooked_mutton":1,"minecraft:rose_bush":1,"minecraft:birch_planks":2,"minecraft:iron_helmet":3,"minecraft:shield":10,"minecraft:iron_sword":25,"minecraft:dirt":37,"minecraft:white_banner":1,"minecraft:white_bed":1}},"DataVersion":3465}