{"stats":{"minecraft:killed_by":{"minecraft:zombie":1},"minecraft:mined":{"minecraft:grass_block":1,"minecraft:dirt":2},"minecraft:custom":{"minecraft:jump":52,"minecraft:time_since_rest":4579,"minecraft:damage_dealt":10,"minecraft:damage_taken":275,"minecraft:walk_one_cm":15340,"minecraft:leave_game":2,"minecraft:sprint_one_cm":1315,"minecraft:play_time":167054,"minecraft:time_since_death":18752,"minecraft:walk_on_water_one_cm":150,"minecraft:deaths":1,"minecraft:sleep_in_bed":1,"minecraft:sneak_time":18,"minecraft:total_world_time":167054,"minecraft:fall_one_cm":687,"minecraft:fly_one_cm":3748},"minecraft:picked_up":{"minecraft:dirt":3},"minecraft:used":{"minecraft:white_bed":1,"minecraft:dirt":8}},"DataVersion":3465}