{"stats":{"minecraft:picked_up":{"minecraft:wooden_axe":1,"minecraft:pink_petals":7,"minecraft:stick":19,"minecraft:cherry_planks":8,"minecraft:wooden_pickaxe":1,"minecraft:birch_planks":26,"minecraft:oak_log":1,"minecraft:shield":1,"minecraft:spider_eye":1,"minecraft:dirt":114,"minecraft:wooden_sword":1,"minecraft:wheat_seeds":8,"minecraft:iron_helmet":2,"minecraft:iron_ingot":7,"minecraft:rose_bush":2,"minecraft:mutton":2,"minecraft:oak_planks":29,"minecraft:white_wool":2},"minecraft:custom":{"minecraft:time_since_rest":529,"minecraft:sprint_one_cm":34371,"minecraft:damage_taken":1553,"minecraft:walk_one_cm":70204,"minecraft:damage_dealt":216,"minecraft:interact_with_crafting_table":1,"minecraft:fly_one_cm":35334,"minecraft:open_chest":3,"minecraft:crouch_one_cm":60,"minecraft:play_time":195014,"minecraft:deaths":5,"minecraft:sneak_time":61,"minecraft:jump":195,"minecraft:leave_game":5,"minecraft:time_since_death":501,"minecraft:walk_on_water_one_cm":150,"minecraft:sleep_in_bed":1,"minecraft:total_world_time":195014,"minecraft:fall_one_cm":1941},"minecraft:killed_by":{"minecraft:ravager":3,"minecraft:zombie":1,"minecraft:pillager":1},"minecraft:mined":{"minecraft:pink_petals":1,"minecraft:birch_planks":1,"minecraft:grass":1,"minecraft:grass_block":1,"minecraft:dirt":2},"minecraft:used":{"minecraft:birch_planks":1,"minecraft:iron_helmet":2,"minecraft:dirt":8,"minecraft:white_bed":1}},"DataVersion":3465}