{"stats":{"minecraft:crafted":{"minecraft:iron_sword":1,"minecraft:cooked_mutton":7,"minecraft:air":0,"minecraft:shield":1,"minecraft:stick":4,"minecraft:iron_pickaxe":1},"minecraft:killed_by":{"minecraft:player":1,"minecraft:spider":1,"minecraft:zombie":1,"minecraft:pillager":2,"minecraft:ravager":3},"minecraft:dropped":{"minecraft:birch_planks":16,"minecraft:wheat_seeds":5,"minecraft:cherry_sapling":2,"minecraft:oak_fence":18,"minecraft:rotten_flesh":2,"minecraft:oak_planks":28,"minecraft:stick":51,"minecraft:dirt":108,"minecraft:rose_bush":1,"minecraft:cherry_planks":18,"minecraft:beef":3,"minecraft:wooden_pickaxe":1,"minecraft:string":3,"minecraft:pink_petals":29},"minecraft:used":{"minecraft:cooked_mutton":4,"minecraft:rose_bush":1,"minecraft:birch_planks":14,"minecraft:oak_planks":4,"minecraft:chest":2,"minecraft:shield":43,"minecraft:cherry_planks":31,"minecraft:iron_sword":29,"minecraft:torch":10,"minecraft:dirt":39,"minecraft:crafting_table":1,"minecraft:white_bed":2,"minecraft:glass":27,"minecraft:grass_block":36,"minecraft:iron_pickaxe":19,"minecraft:iron_helmet":3,"minecraft:diamond_sword":9,"minecraft:cobblestone":1,"minecraft:white_banner":1},"minecraft:custom":{"minecraft:interact_with_furnace":5,"minecraft:mob_kills":6,"minecraft:interact_with_crafting_table":3,"minecraft:leave_game":8,"minecraft:time_since_death":6087,"minecraft:sleep_in_bed":2,"minecraft:time_since_rest":6107,"minecraft:sprint_one_cm":63265,"minecraft:damage_taken":2510,"minecraft:walk_one_cm":191316,"minecraft:damage_blocked_by_shield":365,"minecraft:drop":76,"minecraft:damage_dealt":2071,"minecraft:player_kills":2,"minecraft:fly_one_cm":50308,"minecraft:open_chest":8,"minecraft:crouch_one_cm":345,"minecraft:play_time":229515,"minecraft:deaths":8,"minecraft:sneak_time":308,"minecraft:jump":341,"minecraft:walk_on_water_one_cm":150,"minecraft:total_world_time":229515,"minecraft:fall_one_cm":6348},"minecraft:killed":{"minecraft:spider":2,"minecraft:pillager":1,"minecraft:zombie":3},"minecraft:mined":{"minecraft:cherry_planks":1,"minecraft:grass_block":2,"minecraft:pink_petals":5,"minecraft:birch_planks":1,"minecraft:grass":1,"minecraft:coal_ore":8,"minecraft:dirt":6,"minecraft:stone":3},"minecraft:picked_up":{"minecraft:wooden_axe":1,"minecraft:pink_petals":473,"minecraft:crafting_table":1,"minecraft:feather":1,"minecraft:cherry_planks":64,"minecraft:wooden_pickaxe":3,"minecraft:birch_planks":74,"minecraft:oak_log":1,"minecraft:shield":1,"minecraft:dirt":374,"minecraft:string":10,"minecraft:white_banner":1,"minecraft:wooden_sword":1,"minecraft:wheat_seeds":27,"minecraft:iron_ingot":14,"minecraft:rose_bush":5,"minecraft:poppy":5,"minecraft:oak_planks":59,"minecraft:stick":120,"minecraft:oak_fence":36,"minecraft:dandelion":3,"minecraft:white_bed":2,"minecraft:spider_eye":3,"minecraft:rotten_flesh":5,"minecraft:iron_helmet":3,"minecraft:cherry_sapling":4,"minecraft:oak_sapling":1,"minecraft:mutton":2,"minecraft:coal":8,"minecraft:white_wool":2,"minecraft:cobblestone":3,"minecraft:oxeye_daisy":1}},"DataVersion":3465}