{"stats":{"minecraft:picked_up":{"minecraft:wooden_axe":1,"minecraft:pink_petals":66,"minecraft:stick":120,"minecraft:cherry_planks":58,"minecraft:oak_fence":36,"minecraft:wooden_pickaxe":3,"minecraft:birch_planks":67,"minecraft:oak_log":1,"minecraft:shield":1,"minecraft:string":7,"minecraft:dirt":336,"minecraft:spider_eye":3,"minecraft:white_banner":1,"minecraft:wooden_sword":1,"minecraft:rotten_flesh":4,"minecraft:wheat_seeds":18,"minecraft:iron_helmet":3,"minecraft:iron_ingot":14,"minecraft:cherry_sapling":4,"minecraft:rose_bush":5,"minecraft:mutton":2,"minecraft:oak_planks":57,"minecraft:coal":8,"minecraft:white_wool":2,"minecraft:cobblestone":3},"minecraft:custom":{"minecraft:time_since_rest":9823,"minecraft:interact_with_furnace":5,"minecraft:sprint_one_cm":63265,"minecraft:damage_taken":2410,"minecraft:walk_one_cm":170334,"minecraft:damage_blocked_by_shield":365,"minecraft:mob_kills":5,"minecraft:drop":76,"minecraft:damage_dealt":1734,"minecraft:interact_with_crafting_table":3,"minecraft:fly_one_cm":49371,"minecraft:player_kills":2,"minecraft:open_chest":8,"minecraft:crouch_one_cm":314,"minecraft:play_time":223311,"minecraft:deaths":7,"minecraft:sneak_time":289,"minecraft:jump":337,"minecraft:leave_game":7,"minecraft:walk_on_water_one_cm":150,"minecraft:time_since_death":10177,"minecraft:sleep_in_bed":2,"minecraft:total_world_time":223311,"minecraft:fall_one_cm":6348},"minecraft:killed":{"minecraft:pillager":1,"minecraft:zombie":2,"minecraft:spider":2},"minecraft:dropped":{"minecraft:dirt":108,"minecraft:birch_planks":16,"minecraft:wheat_seeds":5,"minecraft:rose_bush":1,"minecraft:oak_fence":18,"minecraft:cherry_planks":18,"minecraft:rotten_flesh":2,"minecraft:cherry_sapling":2,"minecraft:oak_planks":28,"minecraft:wooden_pickaxe":1,"minecraft:beef":3,"minecraft:string":3,"minecraft:pink_petals":29,"minecraft:stick":51},"minecraft:killed_by":{"minecraft:ravager":3,"minecraft:player":1,"minecraft:zombie":1,"minecraft:pillager":2},"minecraft:crafted":{"minecraft:shield":1,"minecraft:stick":4,"minecraft:iron_pickaxe":1,"minecraft:iron_sword":1,"minecraft:air":0,"minecraft:cooked_mutton":7},"minecraft:mined":{"minecraft:pink_petals":5,"minecraft:birch_planks":1,"minecraft:cherry_planks":1,"minecraft:grass":1,"minecraft:grass_block":2,"minecraft:coal_ore":8,"minecraft:dirt":6,"minecraft:stone":3},"minecraft:used":{"minecraft:cooked_mutton":4,"minecraft:rose_bush":1,"minecraft:birch_planks":9,"minecraft:iron_pickaxe":19,"minecraft:iron_helmet":3,"minecraft:shield":43,"minecraft:cherry_planks":1,"minecraft:iron_sword":29,"minecraft:dirt":39,"minecraft:cobblestone":1,"minecraft:white_banner":1,"minecraft:white_bed":1}},"DataVersion":3465}